{"cameraMode":{"drawMode":0,"name":"Shaded","section":"Shading Mode"},"sceneLighting":true,"audioPlay":false,"sceneViewState":{"m_AlwaysRefresh":false,"showFog":true,"showSkybox":true,"showFlares":true,"showImageEffects":true,"showParticleSystems":true,"showVisualEffectGraphs":true,"m_FxEnabled":true},"in2DMode":false,"pivot":{"x":3.089162826538086,"y":0.8995234966278076,"z":-10.186483383178711},"rotation":{"x":-0.001499992678873241,"y":-0.0029999923426657917,"z":-0.000004499991518969182,"w":0.9999943375587463},"size":3.0797741413116457,"orthographic":false}